<?xml version = "1.0" encoding = "UTF-8" standalone = "yes"?>
<TimelineLine_Prefs STK_version = "12.9.0">
    <Views Type = "Content">
        <ContentView Name = "Scenario Availability">
            <Row ClassName = "Scenario" ComponentName = "AvailabilityIntervals" DisplayName = "Second_Constellation AvailabilityIntervals" IsDefaultName = "True" IsExpanded = "False" IsGroup = "False" IsHidden = "False" Path = "/Application/STK/Scenario/Second_Constellation" Type = "IntervalList">
                <Interval Name = "Second_Constellation AvailabilityIntervals" StartTime = "31 Jul 2024 11:00:00.000" StopTime = "1 Aug 2024 11:00:00.000" />
            </Row>
        </ContentView>
    </Views>
    <Views Type = "Time">
        <TimeView FullViewRulerStartTime = "0.000000" FullViewRulerStopTime = "0.000000" GlobalIntervalComp = "AnalysisInterval" GlobalIntervalCompPath = "/Application/STK/Scenario/Second_Constellation" GlobalStartOffset = "0.000000" GlobalStartTime = "31 Jul 2024 11:00:00.000" GlobalStopOffset = "0.000000" GlobalStopTime = "1 Aug 2024 11:00:00.000" MaxFullViewTime = "0.000000" MinFullViewTime = "0.000000" Name = "Scenario Analysis Period" ViewportStartTime = "0.000000" ViewportStopTime = "0.000000" />
    </Views>
</TimelineLine_Prefs>